,chi1,chi2
4wsq_a,1.12248188368733,2.90398111953262
4wsq_b,1.24158689241394,2.85001434787665
4wsq_a,1.12248188368733,2.90398111953262
4wsq_b,1.24158689241394,2.85001434787665
2hz4_a,,
2hz4_c,,
3pyy_a,,
3pyy_b,,
3pyy_a,,
3pyy_b,,
2xyn_b,,
2xyn_c,,
2xyn_b,,
2xyn_c,,
3gvu_a,,
3gvu_a,,
3mv5_a,0.934024135296578,2.90960640804611
3mv5_a,0.934024135296578,2.90960640804611
3mvh_a,1.24233517464769,2.90615397855270
3mvh_a,1.24233517464769,2.90615397855270
3o96_a,,
3ocb_a,1.08674633512372,2.94658928286247
3ocb_b,0.925160456701922,2.86042990264052
3ow4_a,1.30636770690710,2.98961453110994
3ow4_b,1.43610803266125,2.65047575749294
3qkk_a,0.943053736984776,2.98573831749511
3qkl_a,1.18303197713020,2.83373812762280
3qkm_a,1.03954033450236,2.68614237652098
4ejn_a,,
4ekk_a,1.24804448832783,2.70152597064784
4ekk_b,1.27460729284293,2.50437053286826
4ekl_a,1.29695424909208,2.79028765221959
4gv1_a,1.09093673560644,2.93197727709638
4gv1_a,1.09093673560644,2.93197727709638
1o6k_a,0.856601113089710,2.98857786425095
1o6l_a,0.898998642189631,2.99181094427459
2jdo_a,1.03102274505625,2.91169954683150
2jdr_a,1.10777293339751,2.61764716042707
2uw9_a,1.03711743986141,2.87730420495539
2x39_a,0.981500037513042,2.98184393003366
2xh5_a,0.962880251941574,2.64617468579405
3d0e_a,1.46130970481188,2.55666594950248
3d0e_b,1.42211741614254,2.73061621467433
3e87_a,0.721449361704581,3.02278151632656
3e87_b,0.662803838205673,2.85035201126579
3e87_a,0.721449361704581,3.02278151632656
3e87_b,0.662803838205673,2.85035201126579
3e88_a,0.123242342682160,1.60329083091642
3e88_b,0.0597950832312804,1.50237389057465
3e8d_a,0.186137677111858,1.54227435610231
3e8d_b,0.211522695452466,1.62453667364181
3e8d_a,0.186137677111858,1.54227435610231
3e8d_b,0.211522695452466,1.62453667364181
2yfx_a,,
4ans_a,,
4cd0_a,0.999956579132633,2.91720458127604
4clj_a,0.914169068394606,3.11408492985908
4cnh_b,,
4tt7_a,,
4tt7_a,,
4rer_a,1.10929388450886,3.11271928034886
4rew_a,1.20146124802275,2.94581751278110
3aqv_a,1.09948666625741,3.01360309119944
4cfe_a,1.04166351946661,3.02384511940421
4cfe_c,0.935751909403333,3.03380539281251
4cff_a,0.789510100479981,2.99887201171973
4cff_c,0.886119539453434,2.94620805434129
4zhx_a,1.03683993135782,2.97161008009155
4zhx_c,0.984675703575962,3.04239361045183
4zhx_a,1.03683993135782,2.97161008009155
4zhx_c,0.984675703575962,3.04239361045183
5ezv_a,1.09399254213633,3.11818751267282
5ezv_c,1.13194803672286,3.00559161298976
5ezv_a,1.09399254213633,3.11818751267282
5ezv_c,1.13194803672286,3.00559161298976
2wqe_a,,
4w9w_a,1.30259537969412,2.97206369383965
4w9w_a,1.30259537969412,2.97206369383965
4w9x_a,0.987304054197627,2.94380742414035
5i3o_a,1.10813880183060,2.70107291403547
5i3o_b,1.12881706106908,2.84680609328459
5i3r_a,1.05553460173387,3.13829707025142
5i3r_b,1.12941158875828,2.86658884422398
3pj1_a,0.957346335325082,1.24927588657965
4rx5_a,,
4rx5_a,,
5fbn_c,,
5fbn_d,,
5fbn_c,,
5fbn_d,,
4fg7_a,1.11001826010560,2.67478020634985
4fg8_a,,
4fg8_b,,
4fg9_a,,
4fg9_b,,
2jc6_a,0.956710917628155,3.02284712427770
2jc6_c,0.968628567492074,3.07457700794055
2jc6_a,0.956710917628155,3.02284712427770
2jc6_c,0.968628567492074,3.07457700794055
2jam_a,0.888751194243282,1.11443500845782
2jam_b,0.962704122860301,1.01475381050151
2jam_a,0.888751194243282,1.11443500845782
2jam_b,0.962704122860301,1.01475381050151
4f99_a,1.19376406629783,2.88241805346455
4f9a_a,1.25969636437323,2.74425135072087
4f9a_c,1.23109781870428,2.85893259986338
4f9b_a,1.30385272627725,2.78505907079158
4f9b_c,1.15966942603199,2.72245487540105
4f9c_a,1.24511567334918,2.86666194085192
3ezr_a,,
3pxf_a,,
3pxf_a,,
3pxq_a,,
3pxz_a,,
3py1_a,,
3py1_a,,
4d1z_a,,
4ez7_a,,
4fku_a,,
4fku_a,,
5a14_a,,
5a14_a,,
5fp5_a,,
5fp6_a,,
5fp6_a,,
2ym7_a,,
2ym7_a,,
3f9n_a,,
3f9n_a,,
3jvr_a,,
3jvs_a,,
3uyt_a,1.56110080925799,2.81446164468580
3uyt_b,3.02937005883089,2.85205915541042
3uyt_c,1.26643762219192,2.88651252146056
3uyt_d,2.77801196927783,3.14076248773980
3uzp_a,2.97122878320460,3.13456417577419
3uzp_b,,
4hgt_a,1.04403107879974,3.07957444950970
4hgt_b,,
4hnf_a,1.21124763085902,2.88762778263370
4hnf_b,3.11107688394051,3.04089331315517
4kb8_a,3.01727610902083,2.96949996081665
4kb8_b,0.803661922537721,1.41081813359991
4kb8_c,3.06961160433634,3.05538016780863
4kb8_d,,
4kb8_a,3.01727610902083,2.96949996081665
4kb8_b,0.803661922537721,1.41081813359991
4kb8_c,3.06961160433634,3.05538016780863
4kb8_d,,
4kba_a,3.08136624641802,3.11573961723475
4kba_b,3.01136122225668,3.05019213289360
4kba_c,2.95942945923113,3.09578841653905
4kba_d,,
4kba_a,3.08136624641802,3.11573961723475
4kba_b,3.01136122225668,3.05019213289360
4kba_c,2.95942945923113,3.09578841653905
4kba_d,,
4kbc_a,,
4kbc_b,2.93314586627174,2.87706138932661
4kbc_a,,
4kbc_b,2.93314586627174,2.87706138932661
4kbk_a,,
4kbk_b,3.10938403197531,3.09557785492815
4kbk_c,,
4kbk_d,,
4kbk_a,,
4kbk_b,3.10938403197531,3.09557785492815
4kbk_c,,
4kbk_d,,
4tn6_a,2.96102280870844,2.94535910306639
4tn6_a,2.96102280870844,2.94535910306639
4tw9_a,0.917849969554302,1.05169185288370
4tw9_b,1.08216340208052,1.01574142506949
4tw9_a,0.917849969554302,1.05169185288370
4tw9_b,1.08216340208052,1.01574142506949
4twc_a,0.820333219219594,1.17699411923984
4twc_b,0.904101784922919,1.08910363888003
4twc_a,0.820333219219594,1.17699411923984
4twc_b,0.904101784922919,1.08910363888003
4hni_a,,
4hni_b,,
2cmw_a,,
2cmw_a,,
3h30_a,,
3h30_a,,
3w8l_b,,
4y83_a,1.03746487726919,2.82257804949858
4y83_b,,
4y83_c,,
4y85_a,,
4y85_b,,
4y85_c,,
3zos_a,,
3zos_a,,
5ceo_a,1.25808149566447,2.59140475229316
5ceo_a,1.25808149566447,2.59140475229316
5cep_a,1.20034927869331,2.74871516116361
5cep_a,1.20034927869331,2.74871516116361
5ceq_a,1.27051247972023,2.86832084356559
5ceq_a,1.27051247972023,2.86832084356559
2vd5_a,0.816180450810770,1.17063224518207
2vd5_b,0.756289957081687,1.13477206275138
2jiu_a,1.78936721793139,2.80146251660552
2jiv_a,1.28680349899415,2.77821596038059
2jiv_b,1.46777868213663,2.50380351941134
2jiv_a,1.28680349899415,2.77821596038059
2jiv_b,1.46777868213663,2.50380351941134
3ika_a,1.28331149761355,2.82935048545193
3ika_a,1.28331149761355,2.82935048545193
3ug2_a,,
3ug2_a,,
3vjn_a,1.10677202048209,1.04198682105761
3w2o_a,1.04369498578851,2.89970875939625
3w2o_a,1.04369498578851,2.89970875939625
3w2p_a,1.06378383827692,2.93363798597998
3w2p_a,1.06378383827692,2.93363798597998
3w2q_a,1.02689731467228,1.28925159585994
3w2q_a,1.02689731467228,1.28925159585994
3w2r_a,1.02517273818728,2.87756023151830
3w2r_a,1.02517273818728,2.87756023151830
4g5j_a,,
4g5j_a,,
4g5p_a,2.35740400032618,2.89894586356892
4i22_a,1.09531919946068,3.04932428418269
4i24_a,1.09723864049592,3.06856085004609
4i24_b,1.05321915145592,3.05755450063013
4ll0_a,2.16781076220700,3.09267003254997
4ll0_b,2.10600368448583,3.05907122597615
4rj4_a,,
4rj5_a,,
4rj6_a,,
4rj7_a,,
4rj7_a,,
4rj8_a,0.736981020932260,2.93074455316975
5c8k_a,0.821315436036554,2.95300397627553
5c8m_a,0.829697257755866,2.99048739520068
5c8n_a,0.847698911293574,3.02375913453682
5cal_a,0.847640522691109,2.75381168087462
5can_a,0.791335556459946,2.89300657395611
5cao_a,0.835574153732896,2.93252569759292
5cap_a,0.842879453982464,2.93347584629454
5cap_a,0.842879453982464,2.93347584629454
5caq_a,0.820513212484626,2.91900139365632
5cas_a,0.779504065320137,2.97984505781186
5cau_a,0.686306932468100,2.97429588799338
5edq_a,1.42920492406714,2.82091137240028
5edr_a,2.88758418306399,2.98330107713415
5edr_a,2.88758418306399,2.98330107713415
5em5_a,,
5em6_a,0.964957498787629,2.47487658597351
5em7_a,,
5em7_a,,
5hg5_a,0.984052256825570,2.89700624290599
5hg5_a,0.984052256825570,2.89700624290599
5hg7_a,1.05964947621002,2.89112982111062
5hg8_a,0.880689190828801,2.93939767955529
5hg8_a,0.880689190828801,2.93939767955529
5hg9_a,0.809722128011826,1.41676853696123
5hg9_a,0.809722128011826,1.41676853696123
1mp8_a,0.897583101490734,1.30924046992976
2etm_a,0.795752387343699,2.90521105561296
2etm_b,1.10281893992984,3.12400813067743
2ijm_a,0.955273564937396,3.06238806612321
2ijm_b,0.994843792820779,2.99739548297917
2ijm_a,0.955273564937396,3.06238806612321
2ijm_b,0.994843792820779,2.99739548297917
3bz3_a,1.07179981962000,1.16035939575857
3bz3_a,1.07179981962000,1.16035939575857
3pxk_a,0.657144678592548,2.71848004901895
3pxk_b,1.07183498790736,2.96125849549542
4ebv_a,1.16612366994373,2.91312974898142
4ebv_a,1.16612366994373,2.91312974898142
4ebv_altc_a,,
4ebw_a,1.05225026987893,2.71392819210646
4ebw_a,1.05225026987893,2.71392819210646
4ebw_altc_a,1.05225026987893,2.71392819210646
4gu6_a,1.01396934270725,1.08909314556567
4gu6_b,1.02015117764218,1.09260212254350
4gu6_a,1.01396934270725,1.08909314556567
4gu6_b,1.02015117764218,1.09260212254350
4gu9_a,0.608442305400407,1.75553952515841
4gu9_b,2.26519473560699,1.71305197966377
4i4e_a,0.808985369532819,1.40678537743329
4i4e_a,0.808985369532819,1.40678537743329
4i4e_altc_a,,
4i4f_a,1.09757175110068,2.88668814135143
4i4f_a,1.09757175110068,2.88668814135143
4i4f_altc_a,1.09757175110068,2.88668814135143
4k8a_a,0.545043108518583,2.40306710770534
4k8a_b,0.553760045723070,2.38942565092988
4k9y_a,1.11173368692111,2.19162445314851
4k9y_a,1.11173368692111,2.19162445314851
4k9y_altc_a,1.11173368692111,2.19162445314851
4kab_a,1.42717879574840,2.90629251554296
4kab_b,1.41934894775807,2.89595836877288
4kao_a,0.826373220392026,1.11456399644215
4kao_b,1.89209862706182,1.00518133869287
4q9s_a,1.09938347038412,1.05128668630287
3bkb_a,1.16651478020142,2.89647249673701
3bkb_a,1.16651478020142,2.89647249673701
3bkb_altc_a,1.16651478020142,2.89647249673701
3cbl_a,1.19443778414209,2.80226781910615
3cbl_a,1.19443778414209,2.80226781910615
3cd3_a,1.28771096600507,2.80131878378663
3cd3_a,1.28771096600507,2.80131878378663
4e93_a,0.749250658358632,1.48292220721433
4e93_a,0.749250658358632,1.48292220721433
4rwk_a,0.888602272016386,2.72353365771626
4rwk_b,0.933625711534591,2.66027496850878
4rwk_a,0.888602272016386,2.72353365771626
4rwk_b,0.933625711534591,2.66027496850878
4uwc_a,,
4uwc_b,,
4uwc_a,,
4uwc_b,,
5am7_a,,
5am7_b,,
5am7_a,,
5am7_b,,
4obo_a,1.23707478541576,2.78159630390943
4obo_a,1.23707478541576,2.78159630390943
4obp_a,1.23771592764185,2.76866330829235
4obp_a,1.23771592764185,2.76866330829235
4obq_a,,
4obq_a,,
4rvt_a,0.933039536956982,1.49225016949443
4rvt_a,0.933039536956982,1.49225016949443
4u40_a,1.37698985302759,2.68749253378080
4u40_a,1.37698985302759,2.68749253378080
4u41_a,1.08621417368037,2.94353160624219
4u41_a,1.08621417368037,2.94353160624219
4u42_a,1.20133145255826,2.86978870496494
4u42_b,,
4u42_a,1.20133145255826,2.86978870496494
4u42_b,,
4u43_a,2.09094733356878,1.51484479964058
4u43_a,2.09094733356878,1.51484479964058
4u44_a,1.21165882546468,2.62431998698611
4u44_a,1.21165882546468,2.62431998698611
4u45_a,1.12752736141539,2.54996886108607
4u45_a,1.12752736141539,2.54996886108607
4zk5_a,1.27729623020985,2.61297011863247
5di1_a,1.18249036217560,2.82042539375898
1jqh_a,,
1jqh_b,,
1jqh_c,,
1k3a_a,,
2oj9_a,,
2zm3_a,,
2zm3_b,,
2zm3_c,,
2zm3_d,,
3f5p_a,,
3f5p_b,,
3f5p_c,,
3f5p_d,,
3f5p_e,,
3f5p_f,,
3f5p_g,,
3f5p_h,,
3f5p_i,,
3f5p_j,,
3f5p_k,,
3f5p_l,,
3f5p_m,,
3f5p_r,,
3f5p_s,,
3f5p_t,,
3i81_a,,
3lvp_a,,
3lvp_b,,
3lvp_c,,
3lvp_d,,
3lw0_a,,
3lw0_b,,
3lw0_c,,
3lw0_d,,
3lw0_a,,
3lw0_b,,
3lw0_c,,
3lw0_d,,
3nw5_a,,
3nw6_a,,
3nw7_a,,
3o23_a,,
3qqu_a,,
3qqu_b,,
3qqu_c,,
3qqu_d,,
4d2r_a,,
4d2r_a,,
4kik_a,,
4kik_b,1.10775562845575,2.73210778224046
4kik_a,,
4kik_b,1.10775562845575,2.73210778224046
1i44_a,,
1ir3_a,,
2z8c_a,,
3bu5_a,,
3ekk_a,,
3ekk_a,,
3ekn_a,,
3ekn_a,,
3eta_a,,
3eta_b,,
3eta_a,,
3eta_b,,
4ibm_a,,
4ibm_b,,
4ibm_a,,
4ibm_b,,
4xlv_a,,
5e1s_a,,
5e1s_a,,
4yo6_d,,
4yo6_d,,
4m0y_a,,
4m0y_a,,
4m0z_a,,
4m0z_a,,
4m12_a,,
4m12_a,,
4m13_a,,
4m13_a,,
4m14_a,,
4m15_a,,
4pqn_a,,
4pqn_a,,
3eyg_a,1.19046701211264,2.92327258521622
3eyg_a,1.19046701211264,2.92327258521622
3eyh_a,1.10969013429560,2.88933898413138
4e4l_a,0.993447766589389,2.89792844265570
4e4l_b,1.10029691332234,2.93843278544503
4e4l_d,1.13343505487863,2.90327068132102
4e4l_a,0.993447766589389,2.89792844265570
4e4l_b,1.10029691332234,2.93843278544503
4e4l_d,1.13343505487863,2.90327068132102
4e4n_a,1.15726177226548,2.98496900446977
4e4n_b,1.11614146879911,2.87678774828273
4e5w_a,1.13967451530813,2.93127283961556
4e5w_b,1.11592732289288,2.91629402044025
4e5w_a,1.13967451530813,2.93127283961556
4e5w_b,1.11592732289288,2.91629402044025
4ehz_a,1.16009634235948,3.07078994232109
4ehz_b,1.23659895351015,3.00147230114505
4ehz_c,1.14670274755624,3.00804589167663
4ehz_d,1.21773608223481,3.03059616264273
4ehz_a,1.16009634235948,3.07078994232109
4ehz_b,1.23659895351015,3.00147230114505
4ehz_c,1.14670274755624,3.00804589167663
4ehz_d,1.21773608223481,3.03059616264273
4ei4_a,1.17512932615232,2.89662521047037
4ei4_b,0.991319641726131,2.87380298059687
4fk6_a,,
4fk6_b,1.22486085076195,2.84861302748733
4fk6_a,,
4fk6_b,1.22486085076195,2.84861302748733
4i5c_a,0.958495984756827,2.89337428298134
4i5c_b,1.11169992201740,2.99809624284164
4i5c_a,0.958495984756827,2.89337428298134
4i5c_b,1.11169992201740,2.99809624284164
4ivb_a,1.13720902857940,2.93243015827327
4ivb_b,1.08191770268067,2.94848547277298
4ivb_a,1.13720902857940,2.93243015827327
4ivb_b,1.08191770268067,2.94848547277298
4ivc_a,1.09634608070434,2.88919217852891
4ivc_b,0.973069708787617,2.90688977346971
4ivd_a,1.03759711246939,2.92023675002683
4ivd_b,1.13051660725414,2.95337399119841
4ivd_a,1.03759711246939,2.92023675002683
4ivd_b,1.13051660725414,2.95337399119841
4k6z_a,1.18297032784759,2.92521081235308
4k77_a,1.13232558385556,2.98833627157088
4k77_b,1.01720679315349,2.95177496677601
5e1e_a,1.14897946666933,2.84737810377150
5e1e_b,1.13791569264659,2.84606198440302
5e1e_a,1.14897946666933,2.84737810377150
5e1e_b,1.13791569264659,2.84606198440302
5hx8_a,1.13691088609916,2.96216866253603
5hx8_b,,
5hx8_a,1.13691088609916,2.96216866253603
5hx8_b,,
2b7a_a,1.23620573923643,2.99753165622084
2b7a_b,1.20013608170005,3.03969245680878
2w1i_a,1.15406839863885,2.94898071459014
2xa4_a,,
2xa4_b,1.16787937553242,2.93386007581134
2xa4_a,,
2xa4_b,1.16787937553242,2.93386007581134
3e62_a,1.10336696662029,2.96931980839406
3e62_a,1.10336696662029,2.96931980839406
3e63_a,1.16128324375858,2.94706292314436
3e63_a,1.16128324375858,2.94706292314436
3e64_a,1.19565785947333,2.90770792256548
3e64_a,1.19565785947333,2.90770792256548
3fup_a,1.02829788269923,2.75922138720039
3fup_b,0.834087428366286,2.84102245748662
3io7_a,,
3iok_a,,
3iok_a,,
3jy9_a,,
3jy9_a,,
3kck_a,,
3kck_a,,
3krr_a,1.15126498607158,2.96472586985635
3krr_a,1.15126498607158,2.96472586985635
3lpb_a,1.05302168719619,2.97035940186056
3lpb_b,1.14419486652670,2.86009308180081
3lpb_a,1.05302168719619,2.97035940186056
3lpb_b,1.14419486652670,2.86009308180081
3q32_a,1.18719322868573,2.81372799369381
3q32_b,1.07978332996914,2.98425355830817
3rvg_a,1.16413568269244,2.98213621615966
3tjc_a,1.07115319202592,2.96944811345863
3tjc_b,1.01969711120343,3.05186878108957
3tjd_a,1.03635033286027,2.88998183087466
3tjd_b,0.810780093668284,3.08987252554190
3ugc_a,0.958338521849461,1.15085016122634
3ugc_a,0.958338521849461,1.15085016122634
3zmm_a,,
3zmm_b,1.02397332762465,2.80770415984864
3zmm_a,,
3zmm_b,1.02397332762465,2.80770415984864
4aqc_a,1.07371605649872,2.93246652777693
4aqc_b,1.22213890856465,3.01472825592862
4aqc_a,1.07371605649872,2.93246652777693
4aqc_b,1.22213890856465,3.01472825592862
4bbe_a,0.999237179609395,2.91761145718608
4bbe_b,1.06960004111322,3.11798325407494
4bbe_c,1.10575404280291,2.99639087155398
4bbe_d,1.04455564556713,2.99321511957051
4bbf_a,1.64099536771017,3.04673072874275
4bbf_b,0.912857758594523,2.95034737950851
4bbf_c,0.951805547107252,3.05484888907112
4bbf_d,1.49177186423798,2.98011070551284
4c61_a,,
4c61_b,1.11823781405674,2.90707191470303
4c62_a,,
4c62_b,,
4d0w_a,,
4d0w_a,,
4d0x_a,1.15736487788820,2.96502460081070
4d0x_a,1.15736487788820,2.96502460081070
4d1s_a,,
4d1s_a,,
4e4m_a,1.09581933098528,3.06268053132630
4e4m_b,0.867312239577729,2.96792385063373
4e4m_d,0.881137966366117,2.91585674810954
4e4m_e,1.02750364762966,3.03065366867924
4e6d_a,1.17345162998788,2.97290558850027
4e6d_b,0.897188594706851,2.95679476007361
4e6d_a,1.17345162998788,2.97290558850027
4e6d_b,0.897188594706851,2.95679476007361
4e6q_a,1.18359583379231,3.11807835288998
4e6q_b,0.863132013691114,2.86651173962917
4f08_a,1.10599845447818,2.79220570139611
4f08_b,1.05280658023696,2.81665781522753
4f09_a,0.907773707157197,2.97469233090057
4gfm_a,1.10748820739707,3.04721780221815
4gfm_a,1.10748820739707,3.04721780221815
4gmy_a,0.698938293584557,2.74707796186733
4hge_a,1.13524686113362,2.94922092122309
4hge_b,1.17664608704107,2.87953268395025
4hge_a,1.13524686113362,2.94922092122309
4hge_b,1.17664608704107,2.87953268395025
4iva_a,1.11039900103356,3.02794892485872
4iva_a,1.11039900103356,3.02794892485872
4iva_altc_a,,
4ji9_a,1.14827790513361,2.88694857699153
4ji9_b,1.19183393783298,2.97380760150441
4jia_a,1.08713071913299,2.87405785227474
4jia_a,1.08713071913299,2.87405785227474
4p7e_a,1.13861597836029,2.86433565282564
4p7e_b,1.15413101136142,2.97712563037080
4ytc_a,,
4ytc_a,,
4ytf_a,,
4ytf_a,,
4yth_a,1.14476998799025,2.94908225722288
4yth_a,1.14476998799025,2.94908225722288
4yti_a,1.11136833397417,2.94198657639362
4yti_a,1.11136833397417,2.94198657639362
4zim_a,1.03465008343669,2.78703398996220
4zim_b,1.02754231640839,2.78350256515594
4zim_a,1.03465008343669,2.78703398996220
4zim_b,1.02754231640839,2.78350256515594
5aep_a,0.995483919505933,2.96532923069082
5aep_a,0.995483919505933,2.96532923069082
5cf4_a,1.17250153264273,2.95347998689395
5cf4_b,1.16607716719362,2.93900006658554
5cf5_a,1.19985613750559,2.95064762274946
5cf5_b,1.19085285402672,2.94692091988636
5cf6_a,1.16256660004711,2.92278147548687
5cf6_b,1.16205197842948,2.93003771164901
5cf8_a,1.28255523714297,2.94521807799533
5cf8_b,1.27333895748587,2.93646393666520
5cf8_a,1.28255523714297,2.94521807799533
5cf8_b,1.27333895748587,2.93646393666520
1yvj_a,0.850535012783567,2.69116348897069
1yvj_a,0.850535012783567,2.69116348897069
3lxk_a,1.05246545314445,2.93609483708149
3lxl_a,1.18451213327193,2.96553945671190
3lxl_a,1.18451213327193,2.96553945671190
3pjc_a,0.967810446926047,1.10610592247902
3zc6_a,1.08554466805611,3.03399352067530
3zc6_b,1.03916000294464,2.92022439779555
3zc6_c,1.12336261724258,2.96576704418998
3zc6_d,1.06718466527874,2.94004314806084
3zc6_a,1.08554466805611,3.03399352067530
3zc6_b,1.03916000294464,2.92022439779555
3zc6_c,1.12336261724258,2.96576704418998
3zc6_d,1.06718466527874,2.94004314806084
3zep_a,1.12414457486446,2.93475096049341
3zep_b,,
3zep_c,,
3zep_d,1.15000597530520,3.00443302331711
3zep_a,1.12414457486446,2.93475096049341
3zep_b,,
3zep_c,,
3zep_d,1.15000597530520,3.00443302331711
4hvd_a,1.03190862019586,2.92340936674637
4hvg_a,1.09787584546661,3.03879723697302
4hvh_a,1.10335906379353,2.86484062331560
4hvi_a,1.20800937321286,2.90820887351300
4i6q_a,1.15545067751648,2.87359836731291
4qps_a,,
4qps_c,0.945038818453454,1.01957374484076
4qps_a,,
4qps_c,0.945038818453454,1.01957374484076
4qt1_a,1.14693175950410,3.02883356496839
4rio_a,1.17183825906115,2.85329578965513
4v0g_a,0.580221053569207,2.75692004376908
4v0g_b,0.612660766329927,3.05838932028642
4v0g_a,0.580221053569207,2.75692004376908
4v0g_b,0.612660766329927,3.05838932028642
4z16_a,1.06840432036385,2.85740923676750
4z16_b,1.06948679505658,2.85553344968530
4z16_c,1.06988512627340,2.85959890986684
4z16_d,1.07280538277878,2.85129169587274
1uki_a,0.688933227054894,3.03270846474506
2g01_a,1.07413244490769,3.00443812912672
2g01_b,0.885358338516412,2.76612044390688
2gmx_a,0.573583755737383,3.09280883916223
2gmx_b,1.12239768519748,3.09685257850164
2h96_a,0.622872990578489,2.36497004270647
2h96_b,0.897804534080601,2.70341223162094
2no3_a,0.226595546482391,2.94056046389788
2no3_b,0.688279472654299,2.95542826661112
2xrw_a,1.10178397517052,2.82379805231693
2xrw_a,1.10178397517052,2.82379805231693
2xrw_altc_a,1.10178397517052,2.82379805231693
2xs0_a,0.977677412111410,3.00799669510137
3elj_a,1.03398279686860,2.73176499574291
3elj_a,1.03398279686860,2.73176499574291
3o2m_a,0.852279217212193,2.94196792734203
3o2m_b,0.856767339588433,2.64637687474225
3pze_a,0.842197810771960,2.88397784985172
3v3v_a,0.732048120688113,2.83131127514337
4awi_a,1.68806034156885,2.95995565993141
4awi_a,1.68806034156885,2.95995565993141
4e73_a,1.06318756312617,2.93418448849756
4e73_a,1.06318756312617,2.93418448849756
4g1w_a,1.15511558050491,2.94973416267183
4hys_a,1.16330910934418,2.71202984242476
4hyu_a,1.02092204456983,2.73600813152244
4izy_a,1.07585766565001,2.64448404718970
4l7f_a,1.01184414693690,2.65795196918754
4l7f_a,1.01184414693690,2.65795196918754
4l7f_altc_a,,
4qtd_a,1.12062072436540,2.83168100080850
4qtd_a,1.12062072436540,2.83168100080850
4ux9_a,,
4ux9_b,,
4ux9_c,,
4ux9_d,,
4ux9_a,,
4ux9_b,,
4ux9_c,,
4ux9_d,,
3e7o_a,1.14206005635504,2.93927531231822
3e7o_b,0.887194647063000,1.19412570475879
3npc_a,1.39827440376103,2.84073747619612
3npc_b,1.42577014667095,2.87911252919596
1jnk_a,0.653076894977261,2.73497835986384
1pmn_a,1.30240729573337,3.05952298306681
1pmu_a,0.831493249423307,2.73851989561164
1pmv_a,1.01752671754169,2.69680678910268
2b1p_a,,
2exc_x,0.606359763881739,1.54761484647286
2o0u_a,1.29969834396672,3.04084054588014
2o2u_a,,
2ok1_a,,
2ok1_a,,
2p33_a,0.947774508519589,2.37900329895775
2r9s_a,0.898433286075090,2.89200458325899
2r9s_b,1.09747515461204,2.80875269830457
2waj_a,,
2waj_a,,
2zdt_a,1.92173732942851,1.28989906620210
2zdt_a,1.92173732942851,1.28989906620210
2zdu_a,1.59690237594611,1.29503820984009
3da6_a,,
3fi2_a,,
3fi2_a,,
3fi3_a,,
3fi3_a,,
3fv8_a,,
3fv8_a,,
3g90_x,,
3g9l_x,,
3g9n_a,,
3kvx_a,1.11756234894278,2.75714258899754
3kvx_a,1.11756234894278,2.75714258899754
3oxi_a,1.02159264682837,2.81814241155875
3oy1_a,0.994117036082663,1.22601150466637
3ptg_a,1.29100770429072,2.45399760288213
3rtp_a,0.954826056371113,1.29249467719507
3tti_a,1.08238136980923,2.93104530942035
3ttj_a,1.16703796196464,3.07156112862156
3ttj_a,1.16703796196464,3.07156112862156
3v6r_a,1.08044174766839,2.56184814839642
3v6r_b,1.10561907674805,2.58316140143266
3v6r_a,1.08044174766839,2.56184814839642
3v6r_b,1.10561907674805,2.58316140143266
3v6s_a,1.07959047554248,2.54878233938777
3v6s_b,1.10842217801554,2.57723443130709
4kke_a,0.984607267546185,2.72440189577644
4kkh_a,1.24701693070489,2.95135312495402
4u79_a,,
4w4v_a,1.29081376803728,3.08334849071616
4w4w_a,1.24594090126324,2.92644487680562
4w4x_a,1.27670581243965,2.99815061803788
4w4y_a,1.49800773873504,2.94597603027080
4whz_a,1.19117145011722,3.04217079068740
4whz_a,1.19117145011722,3.04217079068740
4x21_a,1.08349865696802,2.71116098804938
4x21_b,0.925132954284327,2.65390028774867
4y46_a,1.12637810050763,2.68332423432681
4y5h_a,1.06649448203446,2.63280617955203
4z9l_a,1.23037297492394,3.07754215915022
4z9l_a,1.23037297492394,3.07754215915022
2wtk_c,0.691394206894554,1.14159385885238
2wtk_f,0.809754442237287,1.06567784323127
1s9j_a,1.09057746571385,2.98526012868823
2p55_a,0.941004669417124,2.73718942298693
3dv3_a,1.26834239121677,2.80267585526495
3dv3_a,1.26834239121677,2.80267585526495
3dy7_a,0.796372160519617,3.07238180345162
3e8n_a,1.09747581276765,2.93319221978508
3eqb_a,0.742889234555590,3.05879756194236
3eqb_a,0.742889234555590,3.05879756194236
3eqc_a,0.958510992658930,2.90738167907578
3eqc_a,0.958510992658930,2.90738167907578
3eqd_a,0.149717327091390,2.59672242067169
3eqf_a,0.498664045236796,2.58599506413976
3eqg_a,1.16459336137568,2.42918909636567
3eqh_a,0.280536798006099,2.58419007537673
3eqi_a,0.523317132152755,2.58092664718126
3mbl_a,1.09514301953227,2.59218149336877
3mbl_a,1.09514301953227,2.59218149336877
3orn_a,1.26801744666001,2.97303896554940
3os3_a,1.01112530031164,2.91995483415352
3pp1_a,0.756412229309752,2.52374428327322
3pp1_a,0.756412229309752,2.52374428327322
3v01_a,0.917079407142232,2.96052896390772
3v04_a,0.947445667215477,2.99027175685234
3vvh_a,1.25621243905838,2.87626887463500
3vvh_b,1.26525784010202,2.84740915289604
3vvh_c,1.13530255308917,2.89635671352186
3vvh_a,1.25621243905838,2.87626887463500
3vvh_b,1.26525784010202,2.84740915289604
3vvh_c,1.13530255308917,2.89635671352186
3w8q_a,1.10581101237306,2.98220526796552
3wig_a,1.12061955191965,1.41895923365056
3zls_a,0.439492437528225,2.63441934596222
3zlw_a,1.18690609429448,2.81363524373646
3zlx_a,1.17938840118232,2.90226207967441
3zly_a,,
3zm4_a,0.555792335849288,2.67674800047293
4an2_a,1.03109840682055,3.05705313188513
4an2_a,1.03109840682055,3.05705313188513
4an3_a,1.73813810237202,2.64373357424913
4an9_a,1.31155429690330,2.63207047077580
4anb_a,1.31249037872492,2.89787513826716
4ark_a,0.717755113698116,2.51698329945604
4lmn_a,1.24337029707078,2.73960147037334
4mne_a,1.06845007477317,3.13665633923902
4mne_d,1.45243380907340,2.92625584719835
4mne_e,1.13687705960703,2.95268272404084
4mne_h,1.28140579208540,3.07444566152886
4mne_a,1.06845007477317,3.13665633923902
4mne_d,1.45243380907340,2.92625584719835
4mne_e,1.13687705960703,2.95268272404084
4mne_h,1.28140579208540,3.07444566152886
4u7z_a,0.770798145704083,3.13843959646306
4u80_a,0.883202060035308,3.12490912614419
4u81_a,1.17272159933336,2.87510315386219
5bx0_a,1.06312672781080,2.15649028657317
1s9i_a,1.31148811610836,3.03117962834970
1s9i_b,1.24189770690387,2.98676314221571
3sls_a,1.02344471042339,2.95970927984221
3sls_b,1.28954995369911,2.82316769781611
3sls_a,1.02344471042339,2.95970927984221
3sls_b,1.28954995369911,2.82316769781611
3aln_a,0.714759746292748,2.66070124496003
3aln_b,0.180677130283589,3.12778285836583
3aln_c,,
3alo_a,1.63217684814544,2.42848059282243
3fme_a,1.19028046353395,2.84095018160402
3vn9_a,0.506593776678914,2.73256057013403
3wzu_a,,
2clq_a,1.11787738610194,2.81998528728362
2clq_b,1.43444386150698,2.77588782563934
2clq_a,1.11787738610194,2.81998528728362
2clq_b,1.43444386150698,2.77588782563934
3vw6_a,0.927560896184443,2.80298967571004
3vw6_b,0.693052220069349,2.65559614072122
3vw6_a,0.927560896184443,2.80298967571004
3vw6_b,0.693052220069349,2.65559614072122
4bf2_a,,
4bf2_b,,
4bhn_a,0.987891204424331,2.86177974543716
4bhn_b,0.959861908977709,2.75798480327757
4bhn_a,0.987891204424331,2.86177974543716
4bhn_b,0.959861908977709,2.75798480327757
4bib_a,,
4bib_b,1.15310757728165,2.95712941958455
4bib_a,,
4bib_b,1.15310757728165,2.95712941958455
4bic_a,1.03954372113266,2.94998220461783
4bid_a,,
4bid_b,1.21122201593088,2.99091204070644
4bid_a,,
4bid_b,1.21122201593088,2.99091204070644
4bie_a,,
4bie_b,,
4bie_a,,
4bie_b,,
1nxk_a,,
1nxk_b,,
1nxk_c,,
1nxk_d,,
1ny3_a,1.18865743762972,3.10574183540739
2jbo_a,0.912349186364819,2.84333861888237
2jbp_a,0.726386173466798,2.76218442832623
2jbp_b,0.817388612552897,2.76205816061912
2jbp_c,0.924250079812023,2.74989565834164
2jbp_d,0.803120661606348,2.72339227832225
2jbp_e,0.761270244156758,2.96706448776065
2jbp_f,0.697499303722196,2.81187471453352
2jbp_g,0.460640340719311,2.76473941142897
2jbp_h,0.741463793420712,2.87313078020436
2jbp_i,,
2jbp_k,0.655905893117798,2.90850927345505
2jbp_l,0.603652398614528,2.92310587876672
2p3g_x,1.33733725455880,2.77242048459265
2pzy_a,0.966466821027985,2.82314602516903
2pzy_b,0.869208037907682,2.84954532517423
2pzy_c,1.01044039494409,2.53966468269863
3a2c_a,0.756421822914955,2.50299512017692
3a2c_b,1.06788433577355,2.52875745392630
3a2c_c,,
3a2c_d,1.07163119698519,3.08426803674747
3a2c_e,1.10878367583935,2.51052105774909
3a2c_f,1.22075776582838,2.41418707493758
3a2c_g,1.17028445365692,2.70118536219832
3a2c_h,,
3a2c_i,0.924932778386164,2.54697010561207
3a2c_j,0.985127851262018,2.53772259874984
3a2c_k,1.03399761538350,2.45195114807763
3a2c_l,0.718388282808387,2.67246658993283
3fpm_a,1.22829998803733,2.94011437852378
3fyj_x,1.03740256462466,2.59754451891905
3fyk_x,1.00819394281731,2.67387284455723
3gok_a,0.814187907612264,2.74689562348457
3gok_b,0.713756971441978,2.81922563501080
3gok_c,0.700954059431031,2.85277576793734
3gok_d,0.689938936447670,2.75251951098453
3gok_e,0.710842883030669,2.81486681101358
3gok_f,0.714254362633736,2.81976172889151
3gok_g,0.689689526528750,2.77501162045434
3gok_h,0.736184759379485,2.80503557645209
3gok_i,0.702041677823967,2.78330868110117
3gok_j,0.725939948280498,2.77511889379364
3gok_k,0.700894203788257,2.86554861117879
3gok_l,0.723132418223434,2.78097859615425
3ka0_a,1.22540123768493,2.79045101714633
3kc3_a,1.86323953148188,2.25801756576499
3kc3_b,1.16338740498893,2.79635209351191
3kc3_c,0.588574840994034,3.01615036074443
3kc3_d,0.949808183615861,2.93658860302175
3kc3_e,1.41589052406911,2.78245800931727
3kc3_f,0.988152091118175,2.92253451604176
3kc3_h,1.27161724317198,2.86379535715202
3kc3_i,1.35886716764525,2.79172802228683
3kc3_j,1.29269840093166,2.80436325994371
3kc3_k,1.37430860322343,2.98253044096484
3kc3_l,0.260996565905772,3.10629394159881
3r2b_a,0.937658140247469,3.01719435324519
3r2b_b,1.00728525419505,2.87818739279252
3r2y_a,0.736784302615707,2.69269291702757
3r30_a,,
3r30_a,,
3wi6_a,0.853651574275366,2.67863741461986
3wi6_b,1.00725717782671,2.55433498023995
3wi6_c,0.902704227697692,2.60052183589095
3wi6_d,0.993453997352021,2.65690041463225
3wi6_e,0.893092445898222,2.74302682235807
3wi6_f,1.05524900851651,2.61559995920263
3fhr_a,0.945935221087213,2.90550554584946
3fhr_a,0.945935221087213,2.90550554584946
3fxw_a,,
3fxw_a,,
3kga_a,1.41286622508898,2.88837517952922
3kga_a,1.41286622508898,2.88837517952922
3m2w_a,0.912559616491486,3.10231585238304
3m2w_a,0.912559616491486,3.10231585238304
3m42_a,1.35075872826167,2.90030523380009
3r1n_a,1.29954708952664,3.02320109261488
3r1n_a,1.29954708952664,3.02320109261488
3she_a,1.22313146141637,2.91684216543952
3she_a,1.22313146141637,2.91684216543952
5eak_a,0.855962884378000,2.51156038238526
5eak_b,0.711968861170246,2.65200145176580
5es1_a,0.706224117685117,2.84020196259701
3dtc_a,0.972227964702503,2.95904335551805
4mwi_a,1.05493844753252,1.94270404561059
4mwi_a,1.05493844753252,1.94270404561059
2buj_a,,
3qfv_a,1.45847568570708,2.75521396232969
3qfv_b,0.972927037654587,2.86186106373674
3tku_a,1.30181035042535,2.61878562439287
3tku_b,1.13416520358678,2.65270267834546
4uak_a,1.26839667667387,2.78042669350921
4uak_a,1.26839667667387,2.78042669350921
4ual_a,1.26470382323783,2.86551746077840
4ual_a,1.26470382323783,2.86551746077840
3kn5_a,0.615114631606102,1.14471771706849
3kn5_b,0.628360080508330,1.11714279618256
4lgd_a,2.49941438630524,2.81954587980713
4lgd_b,0.994138442535140,2.98769708019520
4lgd_c,,
4lgd_d,0.838471675684102,3.00415934006439
3a7h_a,0.929901262456435,2.89038948648326
3a7h_b,1.36615138474216,2.60640652246431
3a7i_a,0.717857033345941,3.08605808974761
3a7j_a,0.831877311092399,3.01953463945861
3ckx_a,0.725857696065626,2.76079027327951
4o27_b,1.36268304344265,2.95109965988423
4qml_a,1.06231763871462,2.91446066683285
4qmm_a,0.938556221401228,1.25413190886650
4qmn_a,0.897473319771175,1.16789048588133
4qmn_a,0.897473319771175,1.16789048588133
4qmo_a,1.22685255665476,3.02549881406913
4qmo_a,1.22685255665476,3.02549881406913
4qmp_a,1.07172813142726,2.99551546979538
4qmq_a,1.09886558809901,2.91049191809936
4qmq_a,1.09886558809901,2.91049191809936
4qms_a,0.802454364519944,1.24208099411682
4qms_a,0.802454364519944,1.24208099411682
4qmt_a,1.15934785285020,2.95559075510935
4qmu_a,1.00465960809052,2.47220058245405
4qmu_a,1.00465960809052,2.47220058245405
4qmv_a,0.930513423859000,1.18934018836048
4qmw_a,1.00729921990964,2.84983568972335
4qmw_a,1.00729921990964,2.84983568972335
4qmx_a,0.802389448898340,2.69292870613742
4qmy_a,1.18695850478052,2.74114717496413
4qmz_a,1.15841807794995,2.90908328614044
4qna_a,1.03141558864204,2.73895684811606
4qo9_a,0.706270119595410,3.12273255185490
4qo9_b,1.07370204859611,3.14123150242114
4u8z_a,1.14609385851301,2.98421149663087
4w8d_a,1.14466751765328,3.02195544331631
4w8e_a,1.47627695436205,3.13994835052189
3ggf_a,0.971132996605985,2.89212773586656
3ggf_b,1.00744744781890,2.99687325948054
3ggf_a,0.971132996605985,2.89212773586656
3ggf_b,1.00744744781890,2.99687325948054
4fzf_b,,
4b9d_a,,
4b9d_b,,
4b9d_a,,
4b9d_b,,
2jav_a,0.952955608799702,1.08570316392743
2jav_a,0.952955608799702,1.08570316392743
2w5a_a,0.872011121691025,1.30368107297907
2w5a_a,0.872011121691025,1.30368107297907
2w5b_a,0.887126071130195,1.26458923981659
2w5b_a,0.887126071130195,1.26458923981659
2wqo_a,,
2xk3_a,,
2xk3_a,,
2xk4_a,,
2xk4_a,,
2xk4_altc_a,,
2xk6_a,,
2xk7_a,,
2xk7_a,,
2xk8_a,,
2xkc_a,,
2xkc_a,,
2xkd_a,,
2xkd_a,,
2xke_a,,
2xkf_a,,
2xkf_a,,
2xnm_a,1.04401392232427,2.74374988975605
2xnm_a,1.04401392232427,2.74374988975605
2xnn_a,,
2xnn_a,,
2xno_a,0.893730066868283,1.32012721823455
2xno_a,0.893730066868283,1.32012721823455
2xnp_a,,
2xnp_a,,
4a4x_a,1.08015790734640,2.97199955083467
4afe_a,1.09330567893944,2.89680791601332
4dn5_a,0.975820124866508,2.81696574569568
4dn5_b,1.04183926086498,2.67213481718322
4idt_a,1.30032799298307,2.84383147034197
4idt_b,1.35944622922298,2.85634507554754
4idt_a,1.30032799298307,2.84383147034197
4idt_b,1.35944622922298,2.85634507554754
4idv_a,1.18763357961673,2.68149652295040
4idv_b,0.714566242906842,2.92673523996378
4idv_c,0.959958518654692,2.99949378895137
4idv_d,0.875473374865289,2.77647641589902
2vwi_a,,
2vwi_b,,
2vwi_c,1.21262256201078,2.72177843932162
2vwi_d,1.23133609838676,2.89152017404342
2vwi_a,,
2vwi_b,,
2vwi_c,1.21262256201078,2.72177843932162
2vwi_d,1.23133609838676,2.89152017404342
3dak_a,0.719839808383677,1.10442761931837
3dak_b,1.01225814900160,2.87022298235952
3dak_c,0.943209439959826,2.98135683110757
3dak_d,1.08522919322668,3.00255528968279
1ouy_a,,
2rg6_a,,
2yis_a,1.08490949401093,1.36920408455576
2yiw_a,1.04444448937136,1.34787820582511
3c5u_a,,
3hl7_a,,
3hll_a,,
3hll_a,,
3hp2_a,,
3hp2_a,,
3hp5_a,,
3hvc_a,1.04934406254138,1.10444633135564
3k3i_a,,
3k3i_a,,
3k3j_a,,
3new_a,,
3new_a,,
3roc_a,,
4dli_a,,
4dlj_a,,
4e6a_a,,
4e6c_a,,
4e8a_a,,
4eh2_a,,
4eh3_a,,
4eh4_a,,
4eh5_a,,
4eh6_a,,
4eh7_a,,
4eh7_a,,
4eh8_a,,
4eh8_a,,
4eh9_a,,
4ehv_a,,
4ehv_a,,
4ewq_a,,
4ewq_a,,
4f9w_a,,
4f9w_a,,
4f9y_a,,
4f9y_a,,
4fa2_a,,
4fa2_a,,
4r3c_a,,
4r3c_a,,
4eyj_a,1.14629568273606,2.67168605013614
4eym_a,1.01953658585558,2.61564099886952
1cm8_a,,
1cm8_b,,
2hy8_1,0.559049492395157,2.73426424323808
3q4z_a,0.686566444653697,2.27499614604051
3q4z_a,0.686566444653697,2.27499614604051
3q53_a,0.875952262382609,1.09812873449135
4eqc_a,0.939483615120426,1.17338817052591
4eqc_a,0.939483615120426,1.17338817052591
4o0r_a,0.820783982095267,1.41337193755416
4o0t_a,1.29629389425409,2.77388595730643
4p90_a,2.11016158256499,1.71540438927098
4p90_b,,
4zji_a,1.05223618964682,2.80706602239804
4zji_b,1.04120915769713,2.79333425514302
4zji_c,1.01834126021148,2.76993805876881
4zji_d,1.02827925928652,2.76421348603865
4zji_a,1.05223618964682,2.80706602239804
4zji_b,1.04120915769713,2.79333425514302
4zji_c,1.01834126021148,2.76993805876881
4zji_d,1.02827925928652,2.76421348603865
4zjj_a,1.03691776153567,2.75499282948229
4zjj_b,1.19912345593601,2.78498608542986
4zjj_c,0.876627650111704,2.83442233667285
4zjj_d,1.00064092220691,2.87495256370740
4zjj_a,1.03691776153567,2.75499282948229
4zjj_b,1.19912345593601,2.78498608542986
4zjj_c,0.876627650111704,2.83442233667285
4zjj_d,1.00064092220691,2.87495256370740
4zlo_a,,
4zlo_a,,
4zy4_a,,
4zy4_b,1.01401719667666,2.80067110180633
4zy5_a,,
4zy5_b,1.10045588523645,2.75499769648265
4zy6_a,,
4zy6_b,1.38804577979058,2.88391863918608
4zy6_a,,
4zy6_b,1.38804577979058,2.88391863918608
5dey_a,0.782302685143446,1.23886977587663
5dey_b,0.771358807752916,1.25086960179234
5dfp_a,0.876766834273617,1.27385959006177
5dfp_a,0.876766834273617,1.27385959006177
2cdz_a,1.16906363176894,2.82145242104452
2cdz_a,1.16906363176894,2.82145242104452
2x4z_a,0.946818853601385,2.93958830416500
4app_a,0.905655094176986,3.06561893852813
4app_a,0.905655094176986,3.06561893852813
4fie_a,1.02215935545320,2.50457926841894
4fie_b,1.02999852921120,2.50183448626984
4fif_a,1.00668786367225,2.87983176677997
4fif_b,0.967785288711017,2.94046991700242
4fif_a,1.00668786367225,2.87983176677997
4fif_b,0.967785288711017,2.94046991700242
4fig_a,1.19837154036597,2.91001919815886
4fig_b,1.02678168416480,2.86564869993188
4jdi_a,1.31718491504190,2.99816771616433
4jdi_a,1.31718491504190,2.99816771616433
4njd_a,1.29604274269272,2.92925171830159
4njd_a,1.29604274269272,2.92925171830159
4o0v_a,1.49375985047348,2.69016637786380
4o0x_a,1.20202627171370,3.00233116933257
4o0y_a,1.03118207231839,3.05594873745626
4xbr_a,0.985503000352748,2.63763866412067
5bms_a,1.30295737247996,2.67988555385757
2f57_b,1.11300006856976,3.00751647107555
2f57_b,1.11300006856976,3.00751647107555
4ks7_a,0.789391040988248,1.49986406845394
4ks7_a,0.789391040988248,1.49986406845394
4ks8_a,1.11601444276571,2.82914720092015
4ks8_a,1.11601444276571,2.82914720092015
3dls_a,1.03388109729297,2.65908023414678
3dls_b,1.22111469369549,2.79655190270494
3dls_c,1.11426963730914,2.77465032744224
3dls_d,0.918986178886652,2.79679828832052
3dls_e,1.06475846703091,2.76892330641637
3dls_f,0.723497116429093,2.76387402272294
3hrf_a,,
3hrf_a,,
3orx_a,,
3orx_b,,
3orx_c,,
3orx_d,,
3orx_e,,
3orx_f,,
3orx_g,,
3orx_h,,
3orz_a,,
3orz_b,,
3orz_c,,
3orz_d,,
3orz_a,,
3orz_b,,
3orz_c,,
3orz_d,,
3otu_a,,
4a06_a,,
4a06_a,,
4a07_a,,
4a07_a,,
4aw0_a,,
4aw0_a,,
4aw1_a,,
4aw1_a,,
4ct1_a,,
4ct1_a,,
4ct2_a,,
4ct2_a,,
4rqk_a,,
4rqk_a,,
4rqk_altc_a,,
4rqv_a,,
4rqv_a,,
4rqv_altc_a,,
4xx9_a,,
4xx9_a,,
5ack_a,,
5ack_a,,
4g31_a,,
4g31_a,,
4g34_a,0.913525516341126,1.18169634235767
4g34_a,0.913525516341126,1.18169634235767
4m7i_a,,
4i41_a,,
2gu8_a,1.01297476476367,2.83046046933386
3agl_a,1.14317751822628,2.82171946209342
3agl_b,1.10388504074746,2.85506332499996
3l9l_a,0.507691459862683,1.67977367606055
3l9l_b,0.646167352638418,1.20090224043287
3l9m_a,1.01479527728148,2.77776934753230
3l9m_b,1.09539707931990,2.86253386755064
3l9n_a,0.917303080913557,2.92124228075022
3mvj_a,0.954995351294417,2.77151234819283
3mvj_e,1.00960947867130,2.65404566554660
3oog_a,1.08492087211141,2.88861164033583
3oog_a,1.08492087211141,2.88861164033583
3ovv_a,1.12080921170415,2.90065400627327
3ovv_a,1.12080921170415,2.90065400627327
3owp_a,1.05151261123046,2.89203504370809
3owp_a,1.05151261123046,2.89203504370809
3oxt_a,0.267680303532175,1.82073056656031
3p0m_a,1.16815960439871,2.94481482991098
3p0m_a,1.16815960439871,2.94481482991098
3poo_a,1.15832921241191,2.93503214076804
3poo_a,1.15832921241191,2.93503214076804
3vqh_a,1.11959204271928,2.85010669872223
3vqh_a,1.11959204271928,2.85010669872223
4wb5_a,1.03108045840127,2.84413051593155
4wb5_a,1.03108045840127,2.84413051593155
4wb6_a,0.982820484948777,2.80646139773067
4wb6_b,1.44794335654367,2.73468930234705
4wb8_a,1.08126851815385,2.91517701080721
4wb8_a,1.08126851815385,2.91517701080721
3iw4_a,0.955134749630207,0.885510669590264
3iw4_b,0.979403536931757,1.00370703702670
3iw4_c,0.736097099572024,1.25162608253412
4ra4_a,1.03009471196973,1.14848863329185
2i0e_a,0.783399587286440,1.06390341607830
2i0e_b,0.874253753173213,0.916811411972366
3txo_a,1.15198678274038,2.92248817123754
1xjd_a,1.03902585721707,2.86792690315880
2jed_a,0.772620709469193,1.22266200234954
2jed_b,0.846535717342736,1.24358322259441
4q9z_a,0.880608053702530,1.08018068873380
4q9z_b,0.903450432775412,1.05041311792421
4q9z_a,0.880608053702530,1.08018068873380
4q9z_b,0.903450432775412,1.05041311792421
4ra5_a,0.863311514227372,1.07461963800155
4ra5_b,0.946820439639534,1.20201646324227
4ra5_a,0.863311514227372,1.07461963800155
4ra5_b,0.946820439639534,1.20201646324227
4otg_a,1.00069905877736,0.752214645182936
4otg_a,1.00069905877736,0.752214645182936
4oti_a,1.00246795015138,2.83297458788379
4oti_a,1.00246795015138,2.83297458788379
4crs_a,0.868156609557149,2.96138737238788
2a19_b,1.15005696022582,2.67711219849794
2a19_c,2.40143661214666,1.55708838435651
3et7_a,0.754630699965581,1.23110919010480
3fzp_a,0.990344727426158,1.04956203703197
3fzr_a,0.816434693278997,1.24950973313624
3fzs_a,0.939614600090508,1.12659229194165
3fzt_a,1.12428079882956,1.02544612264565
3h3c_a,0.863463970301937,1.24311155937341
4h1j_a,1.09037618186512,1.01657072104751
4h1m_a,0.926148134998652,1.18410784152333
4ith_a,1.11207378219220,1.21293293798072
4ith_b,,
4ith_a,1.11207378219220,1.21293293798072
4ith_b,,
4iti_a,1.13379919410473,2.63322078881125
4iti_b,,
4iti_a,1.13379919410473,2.63322078881125
4iti_b,,
4itj_a,3.10093624381367,3.00591930393938
4itj_b,2.99259642204904,3.04775730458963
4itj_a,3.10093624381367,3.00591930393938
4itj_b,2.99259642204904,3.04775730458963
4neu_a,0.978146891424154,3.00385492109259
4neu_b,1.18944706832760,2.58348287701315
4neu_a,0.978146891424154,3.00385492109259
4neu_b,1.18944706832760,2.58348287701315
5hx6_a,1.10358958444120,1.16314387046888
5hx6_b,1.32290793459048,2.99183579728711
4oav_d,,
2esm_a,0.879065145923134,2.83114951163577
2esm_b,0.938986954828156,2.80290655379073
2etk_a,0.917511123546845,2.80883408537173
2etk_b,0.941654221998184,2.84804708949943
2etr_a,0.868909611257631,2.91598800719677
2etr_b,0.855501176156788,2.91032607200307
2v55_a,0.784634551282154,2.95286602870321
2v55_c,0.808223763473044,2.93435192467569
3d9v_a,0.951864664925127,2.81154783413012
3d9v_b,0.987143487505780,2.85551103336140
3ncz_a,0.917146380764066,2.98534015042753
3ncz_b,0.867227103588236,3.08318451430561
3ncz_c,0.785977351465782,3.10023191829905
3ncz_d,0.737913843645221,2.96182803480395
3ndm_b,0.828060329410644,2.70605875924064
3ndm_c,1.01818707618273,2.81406853296572
3ndm_d,0.214000129036250,2.84039886969836
3tv7_a,1.02822847446852,2.25448519827741
3tv7_b,0.986627592257530,2.91680133746309
3tv7_c,1.07169427904178,2.34342686429300
3tv7_d,0.970514881530561,2.91476870438586
3twj_a,0.789626677973000,2.93268395715334
3twj_c,0.676213623924895,2.62418482310152
3v8s_a,0.948645372170485,2.82129586842731
3v8s_b,0.972828595062061,2.93289893363467
3v8s_c,0.983217241126768,2.81399744434164
3v8s_d,0.984333708468363,2.93294948725869
4w7p_a,0.974591698382736,2.67192980416120
4w7p_b,0.993202716333397,2.67056214152841
4w7p_c,1.00850254475456,2.69015204351557
4w7p_d,0.966236234724610,2.68316305888228
4yvc_a,0.863555765844062,2.79892616471349
4yvc_b,0.834160594945705,2.80897883117954
4yve_a,0.755327757831841,2.75124877465800
4yve_b,0.825233382782418,2.65085411761449
5bml_a,0.916381871974082,2.73219422731184
5bml_b,0.996004815895454,2.84526941752267
4l6q_a,0.809698065779235,3.03230775662683
4l6q_b,1.07761139299515,2.93049893659031
4jg8_a,1.06601752634493,2.73301826681672
4jg8_a,1.06601752634493,2.73301826681672
2x4f_a,,
2x4f_b,,
2x4f_a,,
2x4f_b,,
4mxy_a,0.976008925675149,2.80450334611104
4mxy_b,1.02818653502102,1.44015967111344
4mxz_a,0.976008925675149,2.80450334611104
4mxz_b,1.02818653502102,1.44015967111344
3beg_a,,
1xbb_a,1.21727087371406,2.84353728680777
1xbb_a,1.21727087371406,2.84353728680777
1xbc_a,0.871608960948576,2.71190550156208
1xbc_a,0.871608960948576,2.71190550156208
3emg_a,0.918981305579216,3.04477323489242
3fqe_a,0.962832938817337,2.86558579674810
3fqh_a,,
3fqh_b,,
3fqs_a,1.28029966480356,2.67919338892220
3fqs_a,1.28029966480356,2.67919338892220
3srv_a,2.90739533585154,1.25789362767635
3srv_b,1.18158221596233,2.81540273774711
3srv_a,2.90739533585154,1.25789362767635
3srv_b,1.18158221596233,2.81540273774711
3tub_a,1.04392450286958,2.37960175110622
3tuc_a,0.725533190339176,1.13541875384570
3tud_a,0.912086912117089,1.11762868536183
3vf8_a,1.12795580553146,2.91964383329898
3vf9_a,1.01803295192714,2.89282740095916
4dfl_a,,
4dfn_a,0.989801438529983,2.92314758893512
4dfn_a,0.989801438529983,2.92314758893512
4f4p_a,1.07749960262381,2.47860117365530
4f4p_a,1.07749960262381,2.47860117365530
4fl1_a,1.06889587074812,2.94090228700870
4fl1_a,1.06889587074812,2.94090228700870
4fl2_a,0.991274063326194,2.99871685220657
4fl3_a,1.06787478811446,3.02911971809611
4fl3_a,1.06787478811446,3.02911971809611
4fyn_a,,
4fyn_a,,
4fyo_a,1.08453091972542,2.86805562881678
4fyo_a,1.08453091972542,2.86805562881678
4fz6_a,2.93846667974829,1.16699573432932
4fz6_a,2.93846667974829,1.16699573432932
4fz7_a,2.80758466737958,1.22913736359668
4fz7_a,2.80758466737958,1.22913736359668
4gfg_a,1.20810469108460,2.85874499460096
4i0r_a,,
4i0r_a,,
4i0s_a,0.983608475255901,2.89737901480217
4i0s_a,0.983608475255901,2.89737901480217
4i0t_a,1.21143992430056,3.04215735633831
4i0t_a,1.21143992430056,3.04215735633831
4puz_a,1.09893918900278,2.85335834201866
4puz_b,0.749982413663054,2.79690566911746
4pv0_a,2.97998160827556,1.08218515676496
4px6_a,1.03708953876647,2.96120878747459
4px6_a,1.03708953876647,2.96120878747459
4rss_a,1.17289173216141,2.78126541521173
4rss_a,1.17289173216141,2.78126541521173
4rx7_a,1.13082733726174,2.94359130360237
4rx7_a,1.13082733726174,2.94359130360237
4rx8_a,1.16682100209001,2.94920088516509
4rx8_a,1.16682100209001,2.94920088516509
4rx9_a,,
4rx9_a,,
4wnm_a,1.08011393242810,3.08752257883520
4xg3_a,,
4xg3_b,1.08533528147748,2.69164575619881
4xg4_a,1.09328941054589,2.78449411316714
4xg5_a,1.05837675321672,2.80214026062207
4xg5_b,1.07111373991202,2.71518780712322
4xg6_a,1.10092521438087,2.72304644986830
4xg7_a,,
4xg7_a,,
4xg8_a,2.39512970332869,1.19913653244576
4xg8_c,2.88367147861819,1.13861939361256
4xg9_a,1.18747099898230,2.79764776759844
4xg9_b,1.07715889220623,2.71100023716552
4yjo_a,1.01843123299939,1.01635130903372
4yjo_a,1.01843123299939,1.01635130903372
4yjp_a,0.798521578183508,1.05191530509527
4yjq_a,,
4yjq_a,,
4yjr_a,,
4yjr_a,,
4yjr_altc_a,,
4yjs_a,,
4yjt_a,0.940931474333816,1.09872039166381
4yjt_a,0.940931474333816,1.09872039166381
4yjt_altc_a,0.940896627763715,1.09871423865705
4yju_a,0.876477064262336,1.14622145960793
4yju_a,0.876477064262336,1.14622145960793
4yjv_a,,
4yjv_a,,
4yjv_altc_a,,
5c26_a,1.14347532126422,2.88586595965678
5c27_a,1.15999868330190,2.85380464412186
5cxh_a,1.23175554416762,2.89864732886691
5cxz_a,1.05331908363635,2.81887382721313
5cxz_a,1.05331908363635,2.81887382721313
5cy3_a,1.08033021870985,2.97066838352899
5cy3_a,1.08033021870985,2.97066838352899
2eva_a,0.538042494727507,2.73091706358670
2eva_a,0.538042494727507,2.73091706358670
2yiy_a,2.05063321638164,1.28134057326330
4gs6_a,1.19387661801365,2.67385755213862
4gs6_a,1.19387661801365,2.67385755213862
4l3p_a,0.990418684351093,2.84718076389881
4l52_a,0.959975579029568,2.83433124313680
4l52_a,0.959975579029568,2.83433124313680
4l53_a,1.14338673265864,2.96699818263423
4l53_a,1.14338673265864,2.96699818263423
4o91_a,0.759881259393557,1.16512085378603
4eut_a,0.831236762230991,1.48863189056563
4eut_b,1.07579634484527,3.04659762732426
4eut_a,0.831236762230991,1.48863189056563
4eut_b,1.07579634484527,3.04659762732426
4euu_a,1.12537354562796,3.04446856799999
4euu_b,1.09548621603184,3.12090634614855
4euu_a,1.12537354562796,3.04446856799999
4euu_b,1.09548621603184,3.12090634614855
4im0_a,0.943057144490567,2.09862885339719
4im0_a,0.943057144490567,2.09862885339719
4im2_a,0.965685450531762,2.06569693261421
4im2_a,0.965685450531762,2.06569693261421
4im3_a,0.943600234356773,2.09877372030180
4im3_a,0.943600234356773,2.09877372030180
4iw0_a,0.991817626825681,1.35509741115031
4iwo_a,0.911761772827779,1.49210972465091
4iwp_a,0.740603097988618,1.31420017479956
4iwq_a,1.02135673417863,1.30912994401829
2x7f_a,0.983713333554236,1.06990083911115
2x7f_b,0.878989971157979,1.24118922149710
2x7f_c,1.08185794408306,1.04870326151927
2x7f_d,,
2x7f_e,,
2x7f_a,0.983713333554236,1.06990083911115
2x7f_b,0.878989971157979,1.24118922149710
2x7f_c,1.08185794408306,1.04870326151927
2x7f_d,,
2x7f_e,,
4btj_a,1.23919667316115,2.96736430636116
4btj_b,1.35391569119497,2.85115075898098
4btk_a,,
4btm_a,1.23280442167459,1.68720793430042
4btm_b,1.23561718409776,1.72124281791261
4nfn_a,1.29080153847590,3.02901395602209
4nfn_a,1.29080153847590,3.02901395602209
2x9e_a,0.260251772888043,2.67310506630631
2zmd_a,1.10627161873780,3.10886394499408
3gfw_a,1.43649094398705,2.73974489299039
3h9f_a,1.08545653270043,2.91427036824361
3h9f_a,1.08545653270043,2.91427036824361
3hmn_a,1.05537572979724,3.08804848586585
3hmo_a,0.834498001565991,3.01508541726004
3hmp_a,0.954364721884516,3.08485105659686
3vqu_a,0.184782986032910,3.03776336118109
3w1f_a,1.16264500442340,3.07975235364509
3wyx_a,0.837867800640927,2.82399357762451
3wyy_a,0.846033429092659,2.79857775189982
3wzj_a,0.972865606339117,2.66127731015950
3wzk_a,1.09468334800055,3.00727088720525
4bhz_a,,
4bi0_a,1.16134188615047,2.69830501872156
4bi1_a,,
4bi2_a,1.00088182768958,2.87763331828611
4c4e_a,1.18191736337819,2.85995572880416
4c4f_a,1.18659763972595,2.96341086262506
4c4g_a,1.07455992468779,2.89040513129751
4c4h_a,,
4c4i_a,1.08120844975993,3.05868078182802
4c4j_a,1.21788793591824,2.91264099922366
4cv8_a,1.17382944984811,2.78764872634485
4cv9_a,1.19608243096651,2.92481615469768
4cva_a,1.19141656158919,2.94947010006829
4d2s_a,1.03814264114785,2.96836085369995
4js8_a,1.22903068198489,2.93430310264240
4jt3_a,1.18898105997201,3.02146381943607
4o6l_a,0.877644346338793,2.95686355839575
4o6l_b,0.717306694718332,2.98026026249630
5ap0_a,0.994512528684306,3.02571979958261
5ap1_a,1.13004420334815,2.91267583814969
5ap2_a,0.990696931625109,2.83691862444778
5ap3_a,1.17762123525587,2.88439892236269
5ap4_a,1.09267398240957,2.84775688657311
5ap5_a,1.14708843831729,2.80703960262282
5ap6_a,1.20072020180816,2.90729490808065
5ap6_a,1.20072020180816,2.90729490808065
5ap7_a,0.888861462086735,2.83701780385315
3lxn_a,0.946207517617021,2.78228765796692
3lxp_a,1.11231236489231,3.05056113559598
3nyx_a,1.12150939187225,2.50649662047468
3nyx_a,1.12150939187225,2.50649662047468
3nz0_a,1.21689640254271,3.00117454751348
3nz0_a,1.21689640254271,3.00117454751348
4gfo_a,,
4gfo_a,,
4gih_a,1.02314937439802,2.92628159200078
4gih_a,1.02314937439802,2.92628159200078
4gii_a,0.732899826608796,2.85914910920643
4gj2_a,0.889323531008452,2.46647096503947
4gj3_a,0.150211839911845,2.94510150622696
4gvj_a,1.11142581743627,2.98470866428092
4py1_a,1.13609053009326,2.72383303346203
5f1z_a,0.787616564564238,2.69796127075662
5f1z_a,0.787616564564238,2.69796127075662
5f20_a,0.831913351749158,2.75406947830020
4oli_a,,
4wno_a,0.746432766273861,2.69416323194375
4wno_a,0.746432766273861,2.69416323194375
4wnp_a,0.921447677459690,1.10468763546542
4wnp_b,0.975599633588231,1.14708639865755
4wnp_c,1.16521716472358,2.94539551341411
4wnp_d,0.908807904271912,1.26382552334940
4wnp_a,0.921447677459690,1.10468763546542
4wnp_b,0.975599633588231,1.14708639865755
4wnp_c,1.16521716472358,2.94539551341411
4wnp_d,0.908807904271912,1.26382552334940
5ci7_a,1.14840494576405,2.90732781271308
5ci7_a,1.14840494576405,2.90732781271308
3op5_a,,
3op5_b,,
3op5_c,,
3op5_d,,
3op5_a,,
3op5_b,,
3op5_c,,
3op5_d,,
2xik_a,1.28206321721737,3.04540929145293
2xik_a,1.28206321721737,3.04540929145293
4nzw_b,1.57941252994523,3.00458971681140
1u59_a,0.871401683364158,2.63272867488341
1u59_a,0.871401683364158,2.63272867488341
2ozo_a,0.445484966199820,3.04845552441832
4k2r_a,0.736009807710427,3.11285081312298
